record_index,batch_index,sample_index,video_id,key_image_id,non_key_image_id,frame_gap,cosine_s5_prev_non_key,l1_s5_prev_non_key,max_abs_diff_s5_prev,smoothed_max_diff_s5_prev,topk_mean_diff_s5_prev,cosine_s5_latest_key,l1_s5_latest_key,max_abs_diff_s5_latest_key,smoothed_max_diff_s5_latest_key,topk_mean_diff_s5_latest_key,student_mean_score,oracle_mean_score,oracle_minus_student_mean_score,student_det_count,oracle_det_count,oracle_minus_student_det_count,avg_map_gap,avg_map50_gap,student_map,student_map50,oracle_map,oracle_map50
0,0,0,MOT17-02-FRCNN,1,2,1,nan,nan,nan,nan,nan,0.9834102392196655,0.07361195236444473,0.26177793741226196,0.21466504037380219,0.21577464044094086,0.3040488362312317,0.1947358399629593,-0.1093129962682724,300,300,0,0.2018833393314005,0.1747181414927631,0.3086876674341928,0.6476471628881517,0.5105710067655933,0.8223653043809148
1,1,0,MOT17-02-FRCNN,1,3,2,0.9876230955123901,0.06493619829416275,0.18758268654346466,0.14760905504226685,0.15487053990364075,0.9743502140045166,0.09134950488805771,0.2878431975841522,0.22770339250564575,0.2468336671590805,0.3040488362312317,0.19806335866451263,-0.10598547756671906,300,300,0,0.2018833393314005,0.1747181414927631,0.3086876674341928,0.6476471628881517,0.5105710067655933,0.8223653043809148
2,2,0,MOT17-02-FRCNN,1,4,3,0.98488450050354,0.07587384432554245,0.19506824016571045,0.1799800992012024,0.17791806161403656,0.9644653797149658,0.11090777814388275,0.3412623405456543,0.2811911702156067,0.2991611659526825,0.3040488362312317,0.19581246376037598,-0.10823637247085571,300,300,0,0.2018833393314005,0.1747181414927631,0.3086876674341928,0.6476471628881517,0.5105710067655933,0.8223653043809148
3,3,0,MOT17-02-FRCNN,1,5,4,0.9854058027267456,0.07251039147377014,0.20020759105682373,0.1591520458459854,0.1802157163619995,0.952595055103302,0.12629377841949463,0.3800868093967438,0.3320420980453491,0.3558245301246643,0.3040488362312317,0.2009207308292389,-0.1031281054019928,300,300,0,0.2018833393314005,0.1747181414927631,0.3086876674341928,0.6476471628881517,0.5105710067655933,0.8223653043809148
4,4,0,MOT17-02-FRCNN,1,6,5,0.9840533137321472,0.07700476795434952,0.2515609860420227,0.16455143690109253,0.18747495114803314,0.9422531127929688,0.13928258419036865,0.4208967685699463,0.34893494844436646,0.3911359906196594,0.3040488362312317,0.20232713222503662,-0.10172170400619507,300,300,0,0.2018833393314005,0.1747181414927631,0.3086876674341928,0.6476471628881517,0.5105710067655933,0.8223653043809148
5,5,0,MOT17-02-FRCNN,1,7,6,0.9866759777069092,0.06998039782047272,0.20403599739074707,0.13956816494464874,0.15597136318683624,0.9339269399642944,0.14813129603862762,0.4988870620727539,0.38122764229774475,0.4405108094215393,0.3040488362312317,0.20369653403759003,-0.10035230219364166,300,300,0,0.2018833393314005,0.1747181414927631,0.3086876674341928,0.6476471628881517,0.5105710067655933,0.8223653043809148
6,6,0,MOT17-02-FRCNN,1,8,7,0.9885467290878296,0.06687985360622406,0.15139326453208923,0.12314575165510178,0.13035403192043304,0.9256908893585205,0.15817852318286896,0.5321313142776489,0.4148087501525879,0.47143688797950745,0.3040488362312317,0.2017705887556076,-0.10227824747562408,300,300,0,0.2018833393314005,0.1747181414927631,0.3086876674341928,0.6476471628881517,0.5105710067655933,0.8223653043809148
7,7,0,MOT17-02-FRCNN,1,9,8,0.9848418831825256,0.07949791848659515,0.19126559793949127,0.14559191465377808,0.15974727272987366,0.9216915369033813,0.16119810938835144,0.5380570888519287,0.42679259181022644,0.4859047830104828,0.3040488362312317,0.2049461007118225,-0.09910273551940918,300,300,0,0.2018833393314005,0.1747181414927631,0.3086876674341928,0.6476471628881517,0.5105710067655933,0.8223653043809148
8,8,0,MOT17-02-FRCNN,1,10,9,0.9818463921546936,0.08617483824491501,0.1956891417503357,0.1630234271287918,0.17251364886760712,0.9108734130859375,0.17232277989387512,0.5816661715507507,0.44797542691230774,0.5144287943840027,0.3040488362312317,0.1922997087240219,-0.11174912750720978,300,300,0,0.2018833393314005,0.1747181414927631,0.3086876674341928,0.6476471628881517,0.5105710067655933,0.8223653043809148
9,9,0,MOT17-02-FRCNN,1,11,10,0.9847598671913147,0.07632167637348175,0.18684887886047363,0.15886135399341583,0.16395114362239838,0.9044476747512817,0.17931628227233887,0.613600492477417,0.462181031703949,0.5300441384315491,0.3040488362312317,0.18187573552131653,-0.12217310070991516,300,300,0,0.2018833393314005,0.1747181414927631,0.3086876674341928,0.6476471628881517,0.5105710067655933,0.8223653043809148
10,11,0,MOT17-02-FRCNN,12,13,1,0.9700024127960205,0.09920582920312881,0.32654160261154175,0.2419048398733139,0.2722778022289276,0.9833983182907104,0.07444152981042862,0.25350216031074524,0.20501606166362762,0.20635366439819336,0.28974810242652893,0.18173223733901978,-0.10801586508750916,300,300,0,0.2018833393314005,0.1747181414927631,0.3086876674341928,0.6476471628881517,0.5105710067655933,0.8223653043809148
11,12,0,MOT17-02-FRCNN,12,14,2,0.9779787063598633,0.09005794674158096,0.2345396876335144,0.1935315728187561,0.21341152489185333,0.963436484336853,0.1131211519241333,0.33903640508651733,0.281185507774353,0.3047548234462738,0.28974810242652893,0.17580384016036987,-0.11394426226615906,300,300,0,0.2018833393314005,0.1747181414927631,0.3086876674341928,0.6476471628881517,0.5105710067655933,0.8223653043809148
12,13,0,MOT17-02-FRCNN,12,15,3,0.9839872121810913,0.06944434344768524,0.2577463388442993,0.22291967272758484,0.22846460342407227,0.951166570186615,0.12711046636104584,0.457086443901062,0.3773100972175598,0.3993739187717438,0.28974810242652893,0.18137548863887787,-0.10837261378765106,300,300,0,0.2018833393314005,0.1747181414927631,0.3086876674341928,0.6476471628881517,0.5105710067655933,0.8223653043809148
13,14,0,MOT17-02-FRCNN,12,16,4,0.9824578762054443,0.07783471047878265,0.2434423863887787,0.2025308758020401,0.20591609179973602,0.9403395652770996,0.1377236694097519,0.508550763130188,0.4124513268470764,0.4422367513179779,0.28974810242652893,0.19260752201080322,-0.09714058041572571,300,300,0,0.2018833393314005,0.1747181414927631,0.3086876674341928,0.6476471628881517,0.5105710067655933,0.8223653043809148
14,15,0,MOT17-02-FRCNN,12,17,5,0.9873781204223633,0.06585077196359634,0.18540404736995697,0.16676415503025055,0.1683407872915268,0.9327065944671631,0.1468915194272995,0.5697052478790283,0.43791085481643677,0.47761431336402893,0.28974810242652893,0.19313004612922668,-0.09661805629730225,300,300,0,0.2018833393314005,0.1747181414927631,0.3086876674341928,0.6476471628881517,0.5105710067655933,0.8223653043809148
15,16,0,MOT17-02-FRCNN,12,18,6,0.9893359541893005,0.0575382374227047,0.21618345379829407,0.18388117849826813,0.1808936446905136,0.9277801513671875,0.15299157798290253,0.5507204532623291,0.44744035601615906,0.4808882176876068,0.28974810242652893,0.1990346759557724,-0.09071342647075653,300,300,0,0.2018833393314005,0.1747181414927631,0.3086876674341928,0.6476471628881517,0.5105710067655933,0.8223653043809148
16,17,0,MOT17-02-FRCNN,12,19,7,0.9864446520805359,0.06663920730352402,0.22633862495422363,0.19154955446720123,0.19180546700954437,0.9201442003250122,0.16042384505271912,0.5640366673469543,0.46407637000083923,0.497341126203537,0.28974810242652893,0.20448346436023712,-0.08526463806629181,300,300,0,0.2018833393314005,0.1747181414927631,0.3086876674341928,0.6476471628881517,0.5105710067655933,0.8223653043809148
17,18,0,MOT17-02-FRCNN,12,20,8,0.9879716634750366,0.06408309936523438,0.19775983691215515,0.14981643855571747,0.1519274115562439,0.9172326326370239,0.16345523297786713,0.5645337104797363,0.4671455919742584,0.505571186542511,0.28974810242652893,0.21080398559570312,-0.0789441168308258,300,300,0,0.2018833393314005,0.1747181414927631,0.3086876674341928,0.6476471628881517,0.5105710067655933,0.8223653043809148
18,19,0,MOT17-02-FRCNN,12,21,9,0.9872927665710449,0.06837508082389832,0.18481551110744476,0.15536896884441376,0.16010601818561554,0.9104499816894531,0.16879357397556305,0.6155708432197571,0.5014747977256775,0.5352907180786133,0.28974810242652893,0.2096397429704666,-0.08010835945606232,300,300,0,0.2018833393314005,0.1747181414927631,0.3086876674341928,0.6476471628881517,0.5105710067655933,0.8223653043809148
19,20,0,MOT17-02-FRCNN,12,22,10,0.9841728210449219,0.07755196839570999,0.1938406378030777,0.16761071979999542,0.16917960345745087,0.9065359830856323,0.17139436304569244,0.6350284814834595,0.5196358561515808,0.5582521557807922,0.28974810242652893,0.20885919034481049,-0.08088891208171844,300,300,0,0.2018833393314005,0.1747181414927631,0.3086876674341928,0.6476471628881517,0.5105710067655933,0.8223653043809148
20,22,0,MOT17-02-FRCNN,23,24,1,0.9737730622291565,0.09153267741203308,0.319813072681427,0.2717175781726837,0.27243903279304504,0.9870423078536987,0.0673261508345604,0.18014414608478546,0.1543893665075302,0.16530366241931915,0.3165389597415924,0.2160758078098297,-0.1004631519317627,300,300,0,0.2018833393314005,0.1747181414927631,0.3086876674341928,0.6476471628881517,0.5105710067655933,0.8223653043809148
21,23,0,MOT17-02-FRCNN,23,25,2,0.9847162961959839,0.07434646785259247,0.18718847632408142,0.1547345072031021,0.16574420034885406,0.9736130237579346,0.09381818771362305,0.2848631739616394,0.24252229928970337,0.2557624280452728,0.3165389597415924,0.19901837408542633,-0.11752058565616608,300,300,0,0.2018833393314005,0.1747181414927631,0.3086876674341928,0.6476471628881517,0.5105710067655933,0.8223653043809148
22,24,0,MOT17-02-FRCNN,23,26,3,0.9860618114471436,0.06987670063972473,0.18155190348625183,0.14298422634601593,0.1591096669435501,0.9627845287322998,0.11158054322004318,0.3561365008354187,0.3024958372116089,0.3188328146934509,0.3165389597415924,0.20162725448608398,-0.11491170525550842,300,300,0,0.2018833393314005,0.1747181414927631,0.3086876674341928,0.6476471628881517,0.5105710067655933,0.8223653043809148
23,25,0,MOT17-02-FRCNN,23,27,4,0.9887494444847107,0.06282581388950348,0.17646804451942444,0.15080316364765167,0.16066525876522064,0.9557417631149292,0.12033401429653168,0.4079626798629761,0.3384706377983093,0.3559280335903168,0.3165389597415924,0.2059493213891983,-0.1105896383523941,300,300,0,0.2018833393314005,0.1747181414927631,0.3086876674341928,0.6476471628881517,0.5105710067655933,0.8223653043809148
24,26,0,MOT17-02-FRCNN,23,28,5,0.9864184856414795,0.0698743537068367,0.18117764592170715,0.15993638336658478,0.172051340341568,0.948115348815918,0.13050822913646698,0.4333663880825043,0.34931665658950806,0.37732115387916565,0.3165389597415924,0.20279891788959503,-0.11374004185199738,300,300,0,0.2018833393314005,0.1747181414927631,0.3086876674341928,0.6476471628881517,0.5105710067655933,0.8223653043809148
25,27,0,MOT17-02-FRCNN,23,29,6,0.9864873886108398,0.0688578337430954,0.22705627977848053,0.19376617670059204,0.1939062774181366,0.9399997591972351,0.1402728259563446,0.46907684206962585,0.3887329399585724,0.41889819502830505,0.3165389597415924,0.2034730166196823,-0.1130659431219101,300,300,0,0.2018833393314005,0.1747181414927631,0.3086876674341928,0.6476471628881517,0.5105710067655933,0.8223653043809148
26,28,0,MOT17-02-FRCNN,23,30,7,0.9857126474380493,0.06988954544067383,0.2740393877029419,0.23258978128433228,0.22732499241828918,0.9330654144287109,0.14548099040985107,0.576587438583374,0.432946115732193,0.45603805780410767,0.3165389597415924,0.20143333077430725,-0.11510562896728516,300,300,0,0.2018833393314005,0.1747181414927631,0.3086876674341928,0.6476471628881517,0.5105710067655933,0.8223653043809148
27,29,0,MOT17-02-FRCNN,23,31,8,0.9829658269882202,0.07881703972816467,0.2502998411655426,0.22147147357463837,0.22435365617275238,0.9261949062347412,0.15463291108608246,0.5049339532852173,0.4069507420063019,0.46350476145744324,0.3165389597415924,0.21431447565555573,-0.10222448408603668,300,300,0,0.2018833393314005,0.1747181414927631,0.3086876674341928,0.6476471628881517,0.5105710067655933,0.8223653043809148
28,30,0,MOT17-02-FRCNN,23,32,9,0.9811239242553711,0.08659539371728897,0.20566509664058685,0.18436524271965027,0.18656034767627716,0.9190737009048462,0.16312247514724731,0.5711767673492432,0.44108137488365173,0.48908576369285583,0.3165389597415924,0.21946334838867188,-0.09707561135292053,300,300,0,0.2018833393314005,0.1747181414927631,0.3086876674341928,0.6476471628881517,0.5105710067655933,0.8223653043809148
29,31,0,MOT17-02-FRCNN,23,33,10,0.9861539006233215,0.07296037673950195,0.1879327893257141,0.1510874181985855,0.15211831033229828,0.9120916128158569,0.17087318003177643,0.5827432870864868,0.45716729760169983,0.5042502284049988,0.3165389597415924,0.23533198237419128,-0.08120697736740112,300,300,0,0.2018833393314005,0.1747181414927631,0.3086876674341928,0.6476471628881517,0.5105710067655933,0.8223653043809148
30,33,0,MOT17-02-FRCNN,34,35,1,0.9741737842559814,0.09835206717252731,0.3010353744029999,0.23968437314033508,0.25355181097984314,0.9829627275466919,0.08225259929895401,0.19813966751098633,0.16691038012504578,0.18307052552700043,0.3114200532436371,0.22549372911453247,-0.08592632412910461,300,300,0,0.2018833393314005,0.1747181414927631,0.3086876674341928,0.6476471628881517,0.5105710067655933,0.8223653043809148
31,34,0,MOT17-02-FRCNN,34,36,2,0.9864588379859924,0.07320721447467804,0.19072991609573364,0.13825811445713043,0.15582214295864105,0.973677396774292,0.10044275224208832,0.23778685927391052,0.19861261546611786,0.2241922914981842,0.3114200532436371,0.2195386290550232,-0.09188142418861389,300,300,0,0.2018833393314005,0.1747181414927631,0.3086876674341928,0.6476471628881517,0.5105710067655933,0.8223653043809148
32,35,0,MOT17-02-FRCNN,34,37,3,0.9862055778503418,0.0716598704457283,0.20022138953208923,0.1635771542787552,0.17942337691783905,0.9640693664550781,0.11454309523105621,0.3434318006038666,0.26448774337768555,0.29875001311302185,0.3114200532436371,0.22066590189933777,-0.09075415134429932,300,300,0,0.2018833393314005,0.1747181414927631,0.3086876674341928,0.6476471628881517,0.5105710067655933,0.8223653043809148
33,36,0,MOT17-02-FRCNN,34,38,4,0.9902034997940063,0.05859728157520294,0.1675795316696167,0.13161338865756989,0.14241789281368256,0.9593479633331299,0.11892184615135193,0.36906683444976807,0.2980949878692627,0.3287353217601776,0.3114200532436371,0.22257915139198303,-0.08884090185165405,300,300,0,0.2018833393314005,0.1747181414927631,0.3086876674341928,0.6476471628881517,0.5105710067655933,0.8223653043809148
34,37,0,MOT17-02-FRCNN,34,39,5,0.9916239976882935,0.05442264303565025,0.18154506385326385,0.13644592463970184,0.1520657241344452,0.9523298740386963,0.12767095863819122,0.40647822618484497,0.3263634145259857,0.3618970513343811,0.3114200532436371,0.21560239791870117,-0.09581765532493591,300,300,0,0.2018833393314005,0.1747181414927631,0.3086876674341928,0.6476471628881517,0.5105710067655933,0.8223653043809148
35,38,0,MOT17-02-FRCNN,34,40,6,0.9876202940940857,0.06909221410751343,0.21200285851955414,0.14508505165576935,0.16262303292751312,0.9462019205093384,0.1342664510011673,0.42295485734939575,0.36731088161468506,0.39037373661994934,0.3114200532436371,0.219134122133255,-0.09228593111038208,300,300,0,0.2018833393314005,0.1747181414927631,0.3086876674341928,0.6476471628881517,0.5105710067655933,0.8223653043809148
36,39,0,MOT17-02-FRCNN,34,41,7,0.9858698844909668,0.07533231377601624,0.24589625000953674,0.17336015403270721,0.19101008772850037,0.9398936033248901,0.14184489846229553,0.5000656843185425,0.38914233446121216,0.43272122740745544,0.3114200532436371,0.22216522693634033,-0.08925482630729675,300,300,0,0.2018833393314005,0.1747181414927631,0.3086876674341928,0.6476471628881517,0.5105710067655933,0.8223653043809148
37,40,0,MOT17-02-FRCNN,34,42,8,0.9846790432929993,0.07647108286619186,0.27585798501968384,0.20025090873241425,0.2126387357711792,0.9348123073577881,0.1469005048274994,0.5523754358291626,0.42562034726142883,0.48616233468055725,0.3114200532436371,0.2193603515625,-0.09205970168113708,300,300,0,0.2018833393314005,0.1747181414927631,0.3086876674341928,0.6476471628881517,0.5105710067655933,0.8223653043809148
38,41,0,MOT17-02-FRCNN,34,43,9,0.9920397400856018,0.05263128504157066,0.16381226480007172,0.1374356895685196,0.13966001570224762,0.9309393167495728,0.1508960872888565,0.5843013525009155,0.42771485447883606,0.5075873136520386,0.3114200532436371,0.22188793122768402,-0.08953212201595306,300,300,0,0.2018833393314005,0.1747181414927631,0.3086876674341928,0.6476471628881517,0.5105710067655933,0.8223653043809148
39,42,0,MOT17-02-FRCNN,34,44,10,0.9862722754478455,0.07407908141613007,0.18096241354942322,0.1578018069267273,0.1611114740371704,0.9270612001419067,0.15386946499347687,0.6298319101333618,0.45688241720199585,0.5309125781059265,0.3114200532436371,0.2234572470188141,-0.087962806224823,300,300,0,0.2018833393314005,0.1747181414927631,0.3086876674341928,0.6476471628881517,0.5105710067655933,0.8223653043809148
40,44,0,MOT17-02-FRCNN,45,46,1,0.9820795059204102,0.07537862658500671,0.2546718716621399,0.2319251149892807,0.23262687027454376,0.9907755851745605,0.05196766182780266,0.18627488613128662,0.17075994610786438,0.17531919479370117,0.312879741191864,0.21182319521903992,-0.1010565459728241,300,300,0,0.2018833393314005,0.1747181414927631,0.3086876674341928,0.6476471628881517,0.5105710067655933,0.8223653043809148
41,45,0,MOT17-02-FRCNN,45,47,2,0.9793638586997986,0.09161510318517685,0.22969135642051697,0.1948448270559311,0.2035633772611618,0.9730875492095947,0.1012524738907814,0.297416627407074,0.25741487741470337,0.2579970955848694,0.312879741191864,0.21613796055316925,-0.09674178063869476,300,300,0,0.2018833393314005,0.1747181414927631,0.3086876674341928,0.6476471628881517,0.5105710067655933,0.8223653043809148
42,46,0,MOT17-02-FRCNN,45,48,3,0.9899834394454956,0.05700656399130821,0.17905503511428833,0.1549910455942154,0.15857063233852386,0.966140627861023,0.10972775518894196,0.345534086227417,0.30496230721473694,0.31307417154312134,0.312879741191864,0.2113429605960846,-0.10153678059577942,300,300,0,0.2018833393314005,0.1747181414927631,0.3086876674341928,0.6476471628881517,0.5105710067655933,0.8223653043809148
43,47,0,MOT17-02-FRCNN,45,49,4,0.9880803227424622,0.06320636719465256,0.20564153790473938,0.18133535981178284,0.1851062774658203,0.9619190096855164,0.11619944125413895,0.33266985416412354,0.29530277848243713,0.3070993423461914,0.312879741191864,0.21597091853618622,-0.0969088226556778,300,300,0,0.2018833393314005,0.1747181414927631,0.3086876674341928,0.6476471628881517,0.5105710067655933,0.8223653043809148
44,48,0,MOT17-02-FRCNN,45,50,5,0.9900953769683838,0.05627994239330292,0.20492932200431824,0.17396444082260132,0.18106161057949066,0.9589820504188538,0.11878179013729095,0.3801524341106415,0.33308884501457214,0.34341248869895935,0.312879741191864,0.21015790104866028,-0.10272184014320374,300,300,0,0.2018833393314005,0.1747181414927631,0.3086876674341928,0.6476471628881517,0.5105710067655933,0.8223653043809148
45,49,0,MOT17-02-FRCNN,45,51,6,0.9851392507553101,0.07593032717704773,0.17838768661022186,0.15909092128276825,0.161669060587883,0.9554569721221924,0.12241514772176743,0.4013324975967407,0.33505937457084656,0.346920371055603,0.312879741191864,0.20775005221366882,-0.10512968897819519,300,300,0,0.2018833393314005,0.1747181414927631,0.3086876674341928,0.6476471628881517,0.5105710067655933,0.8223653043809148
46,50,0,MOT17-02-FRCNN,45,52,7,0.9864363074302673,0.07224775105714798,0.17776933312416077,0.14653436839580536,0.16352330148220062,0.9485681056976318,0.1317354291677475,0.431397020816803,0.36320799589157104,0.38558292388916016,0.312879741191864,0.2028633952140808,-0.1100163459777832,300,300,0,0.2018833393314005,0.1747181414927631,0.3086876674341928,0.6476471628881517,0.5105710067655933,0.8223653043809148
47,51,0,MOT17-02-FRCNN,45,53,8,0.9856910705566406,0.07235502451658249,0.22727066278457642,0.1547456979751587,0.16358418762683868,0.946556806564331,0.13346706330776215,0.4429703652858734,0.3925091326236725,0.397440105676651,0.312879741191864,0.20419612526893616,-0.10868361592292786,300,300,0,0.2018833393314005,0.1747181414927631,0.3086876674341928,0.6476471628881517,0.5105710067655933,0.8223653043809148
48,52,0,MOT17-02-FRCNN,45,54,9,0.9873917102813721,0.06518635153770447,0.193398118019104,0.16396266222000122,0.17031101882457733,0.9418579339981079,0.1378961205482483,0.4721623659133911,0.4346349239349365,0.4413297772407532,0.312879741191864,0.1991499811410904,-0.11372976005077362,300,300,0,0.2018833393314005,0.1747181414927631,0.3086876674341928,0.6476471628881517,0.5105710067655933,0.8223653043809148
49,53,0,MOT17-02-FRCNN,45,55,10,0.988132119178772,0.06465525180101395,0.18704694509506226,0.15532951056957245,0.1608024537563324,0.935401976108551,0.1442423015832901,0.5297969579696655,0.47675836086273193,0.4923172891139984,0.312879741191864,0.19836442172527313,-0.11451531946659088,300,300,0,0.2018833393314005,0.1747181414927631,0.3086876674341928,0.6476471628881517,0.5105710067655933,0.8223653043809148
50,55,0,MOT17-02-FRCNN,56,57,1,0.9787405729293823,0.08791742473840714,0.2397463023662567,0.2110985815525055,0.21748557686805725,0.9872698187828064,0.06931758671998978,0.18831835687160492,0.1666208952665329,0.16577087342739105,0.2947062849998474,0.19657090306282043,-0.09813538193702698,300,300,0,0.2018833393314005,0.1747181414927631,0.3086876674341928,0.6476471628881517,0.5105710067655933,0.8223653043809148
51,56,0,MOT17-02-FRCNN,56,58,2,0.9879493713378906,0.0651131421327591,0.225619375705719,0.17383982241153717,0.17377589643001556,0.9786105155944824,0.08670219033956528,0.2683802843093872,0.22577796876430511,0.22861473262310028,0.2947062849998474,0.2041677087545395,-0.09053857624530792,300,300,0,0.2018833393314005,0.1747181414927631,0.3086876674341928,0.6476471628881517,0.5105710067655933,0.8223653043809148
52,57,0,MOT17-02-FRCNN,56,59,3,0.9872852563858032,0.07132262736558914,0.16304843127727509,0.14088326692581177,0.1417512148618698,0.9749941825866699,0.09404007345438004,0.2643013596534729,0.23237402737140656,0.23612184822559357,0.2947062849998474,0.18524150550365448,-0.10946477949619293,300,300,0,0.2018833393314005,0.1747181414927631,0.3086876674341928,0.6476471628881517,0.5105710067655933,0.8223653043809148
53,58,0,MOT17-02-FRCNN,56,60,4,0.9855513572692871,0.07554508745670319,0.19418847560882568,0.17334894835948944,0.17470256984233856,0.969451904296875,0.10528851300477982,0.2888182997703552,0.2466016560792923,0.2529952824115753,0.2947062849998474,0.1794387847185135,-0.11526750028133392,300,300,0,0.2018833393314005,0.1747181414927631,0.3086876674341928,0.6476471628881517,0.5105710067655933,0.8223653043809148
54,59,0,MOT17-02-FRCNN,56,61,5,0.9865046143531799,0.0738084465265274,0.1606006622314453,0.13816198706626892,0.14689350128173828,0.9626941680908203,0.11545764654874802,0.29066306352615356,0.258419007062912,0.2746991813182831,0.2947062849998474,0.176496222615242,-0.11821006238460541,300,300,0,0.2018833393314005,0.1747181414927631,0.3086876674341928,0.6476471628881517,0.5105710067655933,0.8223653043809148
55,60,0,MOT17-02-FRCNN,56,62,6,0.9883818626403809,0.0647902861237526,0.16025881469249725,0.1397864669561386,0.14880847930908203,0.9562234878540039,0.12376298755407333,0.35831570625305176,0.2977888882160187,0.32424041628837585,0.2947062849998474,0.18031102418899536,-0.11439526081085205,300,300,0,0.2018833393314005,0.1747181414927631,0.3086876674341928,0.6476471628881517,0.5105710067655933,0.8223653043809148
56,61,0,MOT17-02-FRCNN,56,63,7,0.9885015487670898,0.0668632760643959,0.15332265198230743,0.12255869805812836,0.12942323088645935,0.9521843791007996,0.12852855026721954,0.40264880657196045,0.3193397521972656,0.3527401387691498,0.2947062849998474,0.17705859243869781,-0.1176476925611496,300,300,0,0.2018833393314005,0.1747181414927631,0.3086876674341928,0.6476471628881517,0.5105710067655933,0.8223653043809148
57,62,0,MOT17-02-FRCNN,56,64,8,0.9877514839172363,0.06799279898405075,0.15610641241073608,0.13541936874389648,0.13911744952201843,0.9490019083023071,0.1305750012397766,0.45497316122055054,0.33603572845458984,0.3821624219417572,0.2947062849998474,0.18063443899154663,-0.11407184600830078,300,300,0,0.2018833393314005,0.1747181414927631,0.3086876674341928,0.6476471628881517,0.5105710067655933,0.8223653043809148
58,63,0,MOT17-02-FRCNN,56,65,9,0.9903407692909241,0.058164309710264206,0.14074401557445526,0.12000755220651627,0.12814654409885406,0.9460291266441345,0.1335802674293518,0.4953712224960327,0.3478091061115265,0.40097227692604065,0.2947062849998474,0.18749761581420898,-0.10720866918563843,300,300,0,0.2018833393314005,0.1747181414927631,0.3086876674341928,0.6476471628881517,0.5105710067655933,0.8223653043809148
59,64,0,MOT17-02-FRCNN,56,66,10,0.9876875877380371,0.06723394244909286,0.18575920164585114,0.1526423990726471,0.15836134552955627,0.942297637462616,0.13646502792835236,0.5846536159515381,0.38609081506729126,0.43693405389785767,0.2947062849998474,0.1794513761997223,-0.11525490880012512,300,300,0,0.2018833393314005,0.1747181414927631,0.3086876674341928,0.6476471628881517,0.5105710067655933,0.8223653043809148
60,66,0,MOT17-02-FRCNN,67,68,1,0.9823637008666992,0.07574408501386642,0.25074777007102966,0.20762623846530914,0.2232607901096344,0.989051103591919,0.06015242263674736,0.19187238812446594,0.1639401763677597,0.17032654583454132,0.294057160615921,0.1838396191596985,-0.11021754145622253,300,300,0,0.2018833393314005,0.1747181414927631,0.3086876674341928,0.6476471628881517,0.5105710067655933,0.8223653043809148
61,67,0,MOT17-02-FRCNN,67,69,2,0.9890623092651367,0.06241627037525177,0.17788946628570557,0.1479508876800537,0.15347738564014435,0.9798362851142883,0.07777954638004303,0.2788551151752472,0.230145663022995,0.2374192327260971,0.294057160615921,0.19252488017082214,-0.10153228044509888,300,300,0,0.2018833393314005,0.1747181414927631,0.3086876674341928,0.6476471628881517,0.5105710067655933,0.8223653043809148
62,68,0,MOT17-02-FRCNN,67,70,3,0.9883750677108765,0.06359370797872543,0.18071337044239044,0.1513734757900238,0.16240721940994263,0.9738751649856567,0.08964388817548752,0.3382928967475891,0.2703021764755249,0.29145845770835876,0.294057160615921,0.1817442923784256,-0.11231286823749542,300,300,0,0.2018833393314005,0.1747181414927631,0.3086876674341928,0.6476471628881517,0.5105710067655933,0.8223653043809148
63,69,0,MOT17-02-FRCNN,67,71,4,0.9855057001113892,0.0699927806854248,0.19521839916706085,0.16952334344387054,0.18100209534168243,0.9633394479751587,0.10332942754030228,0.39471209049224854,0.3220559060573578,0.3411509692668915,0.294057160615921,0.1808294653892517,-0.11322769522666931,300,300,0,0.2018833393314005,0.1747181414927631,0.3086876674341928,0.6476471628881517,0.5105710067655933,0.8223653043809148
64,70,0,MOT17-02-FRCNN,67,72,5,0.9836688041687012,0.08132298290729523,0.17768646776676178,0.1652650684118271,0.17148151993751526,0.9559329748153687,0.11889070272445679,0.40262845158576965,0.34094080328941345,0.3605515658855438,0.294057160615921,0.18303698301315308,-0.11102017760276794,300,300,0,0.2018833393314005,0.1747181414927631,0.3086876674341928,0.6476471628881517,0.5105710067655933,0.8223653043809148
65,71,0,MOT17-02-FRCNN,67,73,6,0.9856141805648804,0.07671863585710526,0.16010843217372894,0.1407243311405182,0.1500975638628006,0.9521229267120361,0.1268901377916336,0.4209449291229248,0.35449767112731934,0.36740025877952576,0.294057160615921,0.19512438774108887,-0.09893277287483215,300,300,0,0.2018833393314005,0.1747181414927631,0.3086876674341928,0.6476471628881517,0.5105710067655933,0.8223653043809148
66,72,0,MOT17-02-FRCNN,67,74,7,0.9863966107368469,0.07369792461395264,0.1796567291021347,0.15239575505256653,0.15910761058330536,0.9476196765899658,0.13241562247276306,0.4362037181854248,0.3728565573692322,0.38953277468681335,0.294057160615921,0.18937386572360992,-0.1046832948923111,300,300,0,0.2018833393314005,0.1747181414927631,0.3086876674341928,0.6476471628881517,0.5105710067655933,0.8223653043809148
67,73,0,MOT17-02-FRCNN,67,75,8,0.9874521493911743,0.0688672587275505,0.18481965363025665,0.16489528119564056,0.1697109043598175,0.9448416829109192,0.13432250916957855,0.44218096137046814,0.3810959458351135,0.3974512815475464,0.294057160615921,0.2006644457578659,-0.09339271485805511,300,300,0,0.2018833393314005,0.1747181414927631,0.3086876674341928,0.6476471628881517,0.5105710067655933,0.8223653043809148
68,74,0,MOT17-02-FRCNN,67,76,9,0.9839448928833008,0.07979976385831833,0.20059439539909363,0.15723282098770142,0.17202699184417725,0.9379645586013794,0.1425960212945938,0.48378005623817444,0.4026889204978943,0.4296548366546631,0.294057160615921,0.19357582926750183,-0.10048133134841919,300,300,0,0.2018833393314005,0.1747181414927631,0.3086876674341928,0.6476471628881517,0.5105710067655933,0.8223653043809148
69,75,0,MOT17-02-FRCNN,67,77,10,0.9896608591079712,0.05690421909093857,0.18887165188789368,0.14579316973686218,0.1628066599369049,0.9356570243835449,0.14414404332637787,0.5110374689102173,0.42029228806495667,0.4442683756351471,0.294057160615921,0.19742083549499512,-0.0966363251209259,300,300,0,0.2018833393314005,0.1747181414927631,0.3086876674341928,0.6476471628881517,0.5105710067655933,0.8223653043809148
70,77,0,MOT17-02-FRCNN,78,79,1,0.9770200252532959,0.08732190728187561,0.25160151720046997,0.19480660557746887,0.2134328931570053,0.9876949787139893,0.06523525714874268,0.18747347593307495,0.14369183778762817,0.15685032308101654,0.29832902550697327,0.17935676872730255,-0.11897225677967072,300,300,0,0.2018833393314005,0.1747181414927631,0.3086876674341928,0.6476471628881517,0.5105710067655933,0.8223653043809148
71,78,0,MOT17-02-FRCNN,78,80,2,0.9884136915206909,0.06514113396406174,0.14729484915733337,0.13325218856334686,0.1391015350818634,0.9784801006317139,0.08732037991285324,0.22782737016677856,0.18744704127311707,0.1993023157119751,0.29832902550697327,0.18337656557559967,-0.1149524599313736,300,300,0,0.2018833393314005,0.1747181414927631,0.3086876674341928,0.6476471628881517,0.5105710067655933,0.8223653043809148
72,79,0,MOT17-02-FRCNN,78,81,3,0.9841258525848389,0.07960496842861176,0.17772257328033447,0.1566832959651947,0.15754804015159607,0.9678407311439514,0.1063818633556366,0.31532496213912964,0.24571970105171204,0.25633737444877625,0.29832902550697327,0.18492959439754486,-0.1133994311094284,300,300,0,0.2018833393314005,0.1747181414927631,0.3086876674341928,0.6476471628881517,0.5105710067655933,0.8223653043809148
73,80,0,MOT17-02-FRCNN,78,82,4,0.9871543645858765,0.06722830981016159,0.17572557926177979,0.15707725286483765,0.1611262857913971,0.9587002992630005,0.1196097806096077,0.3203052878379822,0.2775331139564514,0.288299560546875,0.29832902550697327,0.18377412855625153,-0.11455489695072174,300,300,0,0.2018833393314005,0.1747181414927631,0.3086876674341928,0.6476471628881517,0.5105710067655933,0.8223653043809148
74,81,0,MOT17-02-FRCNN,78,83,5,0.986830472946167,0.06720947474241257,0.20096924901008606,0.16330350935459137,0.16698668897151947,0.9522817134857178,0.12724751234054565,0.36947840452194214,0.30684149265289307,0.3239564895629883,0.29832902550697327,0.1909056007862091,-0.10742342472076416,300,300,0,0.2018833393314005,0.1747181414927631,0.3086876674341928,0.6476471628881517,0.5105710067655933,0.8223653043809148
75,82,0,MOT17-02-FRCNN,78,84,6,0.987725555896759,0.06683237850666046,0.21076740324497223,0.15081745386123657,0.15431225299835205,0.9471817016601562,0.12995029985904694,0.40035974979400635,0.33561351895332336,0.36681047081947327,0.29832902550697327,0.19082766771316528,-0.10750135779380798,300,300,0,0.2018833393314005,0.1747181414927631,0.3086876674341928,0.6476471628881517,0.5105710067655933,0.8223653043809148
76,83,0,MOT17-02-FRCNN,78,85,7,0.9877248406410217,0.06557375937700272,0.19604778289794922,0.15813656151294708,0.15853558480739594,0.9414476752281189,0.1343793421983719,0.4501660168170929,0.38714396953582764,0.41164955496788025,0.29832902550697327,0.1941194236278534,-0.10420960187911987,300,300,0,0.2018833393314005,0.1747181414927631,0.3086876674341928,0.6476471628881517,0.5105710067655933,0.8223653043809148
77,84,0,MOT17-02-FRCNN,78,86,8,0.9878053665161133,0.0648532584309578,0.16321726143360138,0.14620476961135864,0.150355264544487,0.9377881288528442,0.13586939871311188,0.5087217092514038,0.42025959491729736,0.4502220153808594,0.29832902550697327,0.17906641960144043,-0.11926260590553284,300,300,0,0.2018833393314005,0.1747181414927631,0.3086876674341928,0.6476471628881517,0.5105710067655933,0.8223653043809148
78,85,0,MOT17-02-FRCNN,78,87,9,0.9880063533782959,0.06649167090654373,0.14664621651172638,0.13329173624515533,0.1374472677707672,0.9343510866165161,0.1411242038011551,0.5103127956390381,0.42732301354408264,0.4531312882900238,0.29832902550697327,0.18759863078594208,-0.11073039472103119,300,300,0,0.2018833393314005,0.1747181414927631,0.3086876674341928,0.6476471628881517,0.5105710067655933,0.8223653043809148
79,86,0,MOT17-02-FRCNN,78,88,10,0.9913208484649658,0.05575373023748398,0.1373121440410614,0.11077475547790527,0.11922295391559601,0.9294824004173279,0.1462029069662094,0.5315498113632202,0.4438135325908661,0.4708869457244873,0.29832902550697327,0.1894497275352478,-0.10887929797172546,300,300,0,0.2018833393314005,0.1747181414927631,0.3086876674341928,0.6476471628881517,0.5105710067655933,0.8223653043809148
80,88,0,MOT17-02-FRCNN,89,90,1,0.9784646034240723,0.08729846030473709,0.23273442685604095,0.19062724709510803,0.2070300132036209,0.9880771040916443,0.0642397403717041,0.16732218861579895,0.1388755440711975,0.14845193922519684,0.3128742575645447,0.17341643571853638,-0.1394578218460083,300,300,0,0.2018833393314005,0.1747181414927631,0.3086876674341928,0.6476471628881517,0.5105710067655933,0.8223653043809148
81,89,0,MOT17-02-FRCNN,89,91,2,0.9889106750488281,0.061048176139593124,0.17365726828575134,0.14292669296264648,0.1509961038827896,0.9801030158996582,0.08182825148105621,0.23575782775878906,0.2034716010093689,0.21103978157043457,0.3128742575645447,0.16890673339366913,-0.14396752417087555,300,300,0,0.2018833393314005,0.1747181414927631,0.3086876674341928,0.6476471628881517,0.5105710067655933,0.8223653043809148
82,90,0,MOT17-02-FRCNN,89,92,3,0.9885020852088928,0.06361626088619232,0.15928487479686737,0.14892154932022095,0.1522541642189026,0.9718421697616577,0.09585294872522354,0.305106520652771,0.24002377688884735,0.2581269443035126,0.3128742575645447,0.16200947761535645,-0.15086477994918823,300,300,0,0.2018833393314005,0.1747181414927631,0.3086876674341928,0.6476471628881517,0.5105710067655933,0.8223653043809148
83,91,0,MOT17-02-FRCNN,89,93,4,0.9902623295783997,0.05877845734357834,0.1573525369167328,0.13638833165168762,0.14324653148651123,0.9674293398857117,0.1038975715637207,0.33417487144470215,0.27451419830322266,0.29209786653518677,0.3128742575645447,0.17116236686706543,-0.14171189069747925,300,300,0,0.2018833393314005,0.1747181414927631,0.3086876674341928,0.6476471628881517,0.5105710067655933,0.8223653043809148
84,92,0,MOT17-02-FRCNN,89,94,5,0.9875056743621826,0.06267651170492172,0.24706456065177917,0.19030295312404633,0.19742654263973236,0.9627774953842163,0.11058768630027771,0.33976665139198303,0.27383285760879517,0.303008109331131,0.3128742575645447,0.17069312930107117,-0.1421811282634735,300,300,0,0.2018833393314005,0.1747181414927631,0.3086876674341928,0.6476471628881517,0.5105710067655933,0.8223653043809148
85,93,0,MOT17-02-FRCNN,89,95,6,0.9865894317626953,0.07125145196914673,0.19373396039009094,0.1641283631324768,0.1664593666791916,0.957917332649231,0.11662381887435913,0.3618299067020416,0.310693621635437,0.3297329545021057,0.3128742575645447,0.17480576038360596,-0.13806849718093872,300,300,0,0.2018833393314005,0.1747181414927631,0.3086876674341928,0.6476471628881517,0.5105710067655933,0.8223653043809148
86,94,0,MOT17-02-FRCNN,89,96,7,0.9873741865158081,0.06595178693532944,0.1995251327753067,0.16837285459041595,0.1690806746482849,0.9512698650360107,0.12458506226539612,0.388013631105423,0.31702283024787903,0.3503915071487427,0.3128742575645447,0.16737371683120728,-0.1455005407333374,300,300,0,0.2018833393314005,0.1747181414927631,0.3086876674341928,0.6476471628881517,0.5105710067655933,0.8223653043809148
87,95,0,MOT17-02-FRCNN,89,97,8,0.9893617033958435,0.05581285059452057,0.164036363363266,0.1446315199136734,0.15160329639911652,0.9483689069747925,0.12656083703041077,0.40122440457344055,0.3390030562877655,0.36762747168540955,0.3128742575645447,0.15517018735408783,-0.15770407021045685,300,300,0,0.2018833393314005,0.1747181414927631,0.3086876674341928,0.6476471628881517,0.5105710067655933,0.8223653043809148
88,96,0,MOT17-02-FRCNN,89,98,9,0.9880716800689697,0.06713135540485382,0.16813212633132935,0.13720205426216125,0.14309702813625336,0.9449982643127441,0.12706494331359863,0.4317699670791626,0.36971616744995117,0.39869585633277893,0.3128742575645447,0.17060531675815582,-0.14226894080638885,300,300,0,0.2018833393314005,0.1747181414927631,0.3086876674341928,0.6476471628881517,0.5105710067655933,0.8223653043809148
89,97,0,MOT17-02-FRCNN,89,99,10,0.9882985353469849,0.0655028447508812,0.142411470413208,0.12883839011192322,0.1314319372177124,0.9399975538253784,0.13122205436229706,0.47554588317871094,0.40556827187538147,0.43190956115722656,0.3128742575645447,0.1543409526348114,-0.15853330492973328,300,300,0,0.2018833393314005,0.1747181414927631,0.3086876674341928,0.6476471628881517,0.5105710067655933,0.8223653043809148
90,99,0,MOT17-02-FRCNN,100,101,1,0.9819661378860474,0.07949290424585342,0.19118385016918182,0.17285940051078796,0.1788412183523178,0.9865894317626953,0.06963390856981277,0.20589679479599,0.15886187553405762,0.1647230088710785,0.2968612611293793,0.17089629173278809,-0.1259649693965912,300,300,0,0.2018833393314005,0.1747181414927631,0.3086876674341928,0.6476471628881517,0.5105710067655933,0.8223653043809148
